material_ID,material_name,material_vendor,material_category,LCA_source,LCA_ID,LCA_source_URL,density (kg/m3),GHG emissions Total (kg),GHG emissions production (kg),GHG emissions disposal (kg)
SPAG-300001-10.008,"Steinwolle: Platten, Matten, Rollen; nicht überwacht",,Dämmung,KBOB,10.008,,200,1.1896,1.13,0.0596
SPAG-300002-10.008,Steinwolle: lose; nicht überwacht,,Dämmung,KBOB,10.008,,100,1.1896,1.13,0.0596
SPAG-300029-10.008,COVERROCK 036 (60-200mm),,,KBOB,10.008,,110,1.1896,1.13,0.0596
SPAG-300030-10.008,COVERROCK II (80-200mm),,,KBOB,10.008,,130,1.1896,1.13,0.0596
SPAG-300047-10.008,"PAROC FAS 2, FAS 2cc (LINIO 10, LINIO 10cc) (40-240mm)",,,KBOB,10.008,,100,1.1896,1.13,0.0596
SPAG-300048-10.008,PAROC UNS 37 (40-240mm),,,KBOB,10.008,,32,1.1896,1.13,0.0596
SPAG-300049-10.008,PAROC UNS 34 (40-200mm),,,KBOB,10.008,,40,1.1896,1.13,0.0596
SPAG-300050-10.008,"PAROC WAS 45, WAS 50 (40-200mm)",,,KBOB,10.008,,60,1.1896,1.13,0.0596
SPAG-300057-10.008,Sillatherm WVP 1-035 (40-200mm),,,KBOB,10.008,,120,1.1896,1.13,0.0596
SPAG-300061-10.008,swissporROC Typ 150 (60-200mm),swisspor,,KBOB,10.008,,150,1.1896,1.13,0.0596
SPAG-300063-10.008,swissporROC Bodenplatte TS (15-40mm),swisspor,,KBOB,10.008,,100,1.1896,1.13,0.0596
SPAG-300064-10.008,swissporROC Brandriegel (40-400mm),swisspor,,KBOB,10.008,,90,1.1896,1.13,0.0596
SPAG-300065-10.008,swissporROC Lamellen WVL (40-400mm),swisspor,,KBOB,10.008,,90,1.1896,1.13,0.0596
SPAG-300066-10.008,PAROC BLT 7,,,KBOB,10.008,,85,1.1896,1.13,0.0596
SPAG-300067-10.008,PAROC BLT 5,,,KBOB,10.008,,65,1.1896,1.13,0.0596
SPAG-300068-10.008,steinwool-Mineralwolle-Flocken (10-400mm),,,KBOB,10.008,,120,1.1896,1.13,0.0596
SPAG-300069-10.001,"Glaswolle: Platten, Matten, Rollen; nicht überwacht",,,KBOB,10.001,,120,1.0996,1.04,0.0596
SPAG-300070-10.001,Glaswolle: lose; nicht überwacht,,,KBOB,10.001,,100,1.0996,1.04,0.0596
SPAG-300086-10.001,SAGLAN (030) FA 50 Carbolane (30-200mm),SAGLAN,,KBOB,10.001,,50,1.0996,1.04,0.0596
SPAG-300093-10.001,SAGLAN (031) SB 55 / SB 55 K / SA 55 Vs (20-200mm),SAGLAN,,KBOB,10.001,,55,1.0996,1.04,0.0596
SPAG-300095-10.001,SAGLAN (032) SR 30 / SI 30 / SK 32 / SKN 32 (80-240mm),SAGLAN,,KBOB,10.001,,30,1.0996,1.04,0.0596
SPAG-300097-10.001,SAGLAN (032) SB 40 / SR 40 / SA 40 A / SK 40 Vs (20-300mm),SAGLAN,,KBOB,10.001,,38,1.0996,1.04,0.0596
SPAG-300100-10.001,SAGLAN (035) SA 25 / SA 25 Vs / Si 25 / Si 25 A (20-185mm),SAGLAN,,KBOB,10.001,,25,1.0996,1.04,0.0596
SPAG-300101-10.001,SAGLAN (035) DF70 (60-160mm),SAGLAN,,KBOB,10.001,,70,1.0996,1.04,0.0596
SPAG-300156-10.001,"URSA TFP, TSP, TEP (13-55mm)",,,KBOB,10.001,,120,1.0996,1.04,0.0596
SPAG-300162-10.001,ISOVER WOLLE TRIV,,,KBOB,10.001,,40,1.0996,1.04,0.0596
SPAG-300163-10.001,Supafil Timber Frame (40-300mm),,,KBOB,10.001,,40,1.0996,1.04,0.0596
SPAG-300164-10.001,Supafil Cavity Wall (40-300mm),,,KBOB,10.001,,40,1.0996,1.04,0.0596
SPAG-300165-10.007,Schaumglas: Platten; nicht überwacht,,,KBOB,10.007,,150,1.1928,1.18,0.0128
SPAG-300166-10.007,FOAMGLAS W+F (40-160mm),,,KBOB,10.007,,100,1.1928,1.18,0.0128
SPAG-300167-10.007,FOAMGLAS Wall Board W+F (40-160mm),,,KBOB,10.007,,100,1.1928,1.18,0.0128
SPAG-300177-10.007,FOAMGLAS F (40-160mm),,,KBOB,10.007,,165,1.1928,1.18,0.0128
SPAG-300178-10.007,FOAMGLAS Tapered F (40-160mm),,,KBOB,10.007,,165,1.1928,1.18,0.0128
SPAG-300179-10.007,FOAMGLAS Ready Board F (40-160mm),,,KBOB,10.007,,165,1.1928,1.18,0.0128
SPAG-300180-10.007,FOAMGLAS Floor Board F (40-160mm),,,KBOB,10.007,,165,1.1928,1.18,0.0128
SPAG-300181-10.007,FOAMGLAS Perinsul S (40-160mm),,,KBOB,10.007,,165,1.1928,1.18,0.0128
SPAG-300182-10.013,"Schaumglas: lose, nicht überwacht",,,KBOB,10.013,,450,0.1628,0.15,0.0128
SPAG-300187-10.012,"Perlit, Vermiculit: lose; nicht überwacht",,,KBOB,10.012,,130,1.0528,1.04,0.0128
SPAG-300188-10.012,"Perlit, Vermiculit: Platten; nicht überwacht",,,KBOB,10.012,,240,1.0528,1.04,0.0128
SPAG-300191-10.012,BACHL HY Perlit Dämmschüttung,,,KBOB,10.012,,90,1.0528,1.04,0.0128
SPAG-300193-10.004,Polystyrol expandiert (EPS): Rohdichte 15-40 kg/m3; nicht überwacht,,,KBOB,10.004,,40,7.6,4.51,3.09
SPAG-300194-10.004,Polystyrol expandiert (EPS): Rohdichte <15 kg/m3; nicht überwacht,,,KBOB,10.004,,14,7.6,4.51,3.09
SPAG-300195-10.004,Baumit OPEN reflect (30-300mm),,,KBOB,10.004,,18,7.6,4.51,3.09
SPAG-300200-10.004,BACHL Hartschaum Neopor / NeoStep (20-200mm),,,KBOB,10.004,,15,7.6,4.51,3.09
SPAG-300203-10.004,BACHL Hartschaum Neopor TS 033 neoStep (30-40mm),,,KBOB,10.004,,15,7.6,4.51,3.09
SPAG-300204-10.004,BACHL Hartschaum 038 (15-300mm),,,KBOB,10.004,,15,7.6,4.51,3.09
SPAG-300205-10.004,BACHL Automaten Perimeter (40-300mm),,,KBOB,10.004,,27,7.6,4.51,3.09
SPAG-300206-10.004,BACHL Automatenplatte mit Vlies 033 (40-200mm),,,KBOB,10.004,,27,7.6,4.51,3.09
SPAG-300207-10.004,BACHL EPS Dach 150 kPa (80-200mm),,,KBOB,10.004,,25,7.6,4.51,3.09
SPAG-300214-10.004,EPS-F Flapor Fassadendämmplatte (20-300mm),,,KBOB,10.004,,19,7.6,4.51,3.09
SPAG-300215-10.004,Flapor plus EPS-W20 Wärmedämmplatte (20-300mm),,,KBOB,10.004,,21,7.6,4.51,3.09
SPAG-300232-10.004,Trittschalldämmplatte EPS 040 DES sg (20-50mm),,,KBOB,10.004,,15,7.6,4.51,3.09
SPAG-300235-10.004,"Perimeterdämmung/Sockelplatte Perimaxx, 5 in 1, SP3 (10-400mm)",,,KBOB,10.004,,27,7.6,4.51,3.09
SPAG-300238-10.004,FRAGMAT NEO SUPER F (10-300mm),,,KBOB,10.004,,18,7.6,4.51,3.09
SPAG-300240-10.004,FRAGMAT NEO SUPER F 031 (10-300mm),,,KBOB,10.004,,20,7.6,4.51,3.09
SPAG-300242-10.004,goEPS Integral 031 (100-300mm),,,KBOB,10.004,,15,7.6,4.51,3.09
SPAG-300245-10.004,goEPS weiss 033 (10-500mm),,,KBOB,10.004,,30,7.6,4.51,3.09
SPAG-300246-10.004,goEPS weiss 036 (10-500mm),,,KBOB,10.004,,21,7.6,4.51,3.09
SPAG-300247-10.004,goEPS weiss 038 (10-500mm),,,KBOB,10.004,,16,7.6,4.51,3.09
SPAG-300249-10.004,Trittschalldämmplatte EPS 045 DES sm (15-60mm),,Dämmung,KBOB,10.004,,13,7.6,4.51,3.09
SPAG-300251-10.004,"EPS 038 DAA, DAD, DEO (10-400mm)",,,KBOB,10.004,,20,7.6,4.51,3.09
SPAG-300253-10.004,"EPS 034 DAA dh150, DAD dh150, DEO dh150 (10-500mm)",,,KBOB,10.004,,25,7.6,4.51,3.09
SPAG-300254-10.004,"EPS 034 DAA dm120, DAD dm120, DEO dm120 (10-500mm)",,,KBOB,10.004,,25,7.6,4.51,3.09
SPAG-300275-10.004,SAGEX Nero (030) 15 (10-500mm),,,KBOB,10.004,,16,7.6,4.51,3.09
SPAG-300276-10.004,SAGEX Zebra (030) (80-300mm),,,KBOB,10.004,,17,7.6,4.51,3.09
SPAG-300277-10.004,EPS Dalmatiner (032) (80-300mm),,,KBOB,10.004,,18,7.6,4.51,3.09
SPAG-300278-10.004,SAGEX (033) 30 (10-500mm),,,KBOB,10.004,,30,7.6,4.51,3.09
SPAG-300279-10.004,SAGEX (033) 25 DS 150 (20-280mm),,,KBOB,10.004,,25,7.6,4.51,3.09
SPAG-300280-10.004,SAGEX (036) 20 (10-500mm),,,KBOB,10.004,,20,7.6,4.51,3.09
SPAG-300281-10.004,SAGEX (038) 15 (10-500mm),,,KBOB,10.004,,15,7.6,4.51,3.09
SPAG-300282-10.004,SAGEX Zebra (031) 15 (80-300mm),,,KBOB,10.004,,15,7.6,4.51,3.09
SPAG-300284-10.004,"ISOVER EPS Dämmplatte DI, DZ, WI, WZ, WAP (10-500mm)",ISOVER,,KBOB,10.004,,16,7.6,4.51,3.09
SPAG-300285-10.004,"ISOVER EPS Dämmplatte DEO dm, DAA dm, DAD dm, WAB (10-500mm)",ISOVER,,KBOB,10.004,,21,7.6,4.51,3.09
SPAG-300286-10.004,"ISOVER EPS Dämmplatte DI, DZ, WI, WZ, DEO dm, DAA dm, DAD dm, WAB, WAP (10-500mm)",ISOVER,,KBOB,10.004,,24,7.6,4.51,3.09
SPAG-300287-10.004,"ISOVER EPS Dämmplatte DEO dh, DAA dh, DAD dh (10-500mm)",ISOVER,,KBOB,10.004,,27,7.6,4.51,3.09
SPAG-300288-10.004,"ISOVER EPS Dämmplatte DEO ds, DAA ds, DAD ds (10-500mm)",ISOVER,,KBOB,10.004,,31,7.6,4.51,3.09
SPAG-300289-10.004,ISOVER Perimeter- und Sockeldämmplatte 035 BW3 150 (50-360mm),ISOVER,,KBOB,10.004,,34,7.6,4.51,3.09
SPAG-300291-10.004,ISOVER Fassadendämmplatte grau 032 (20-300mm),ISOVER,,KBOB,10.004,,18,7.6,4.51,3.09
SPAG-300293-10.004,ISOVER Fassadendämmplatte elastifiziert EPSe 040 WDV (40-200mm),ISOVER,,KBOB,10.004,,20,7.6,4.51,3.09
SPAG-300294-10.004,ISOVER Fassadendämmplatte elastifiziert EPSe 035 WDV (40-200mm),ISOVER,,KBOB,10.004,,26,7.6,4.51,3.09
SPAG-300295-10.004,ISOVER Fassadenschalldämmplatte grau Silence dB Plus 032 (40-200mm),ISOVER,,KBOB,10.004,,20,7.6,4.51,3.09
SPAG-300297-10.004,ISOVER Perimeter- und Sockeldämmplatte 035 AW3 150 (30-300mm),ISOVER,,KBOB,10.004,,39,7.6,4.51,3.09
SPAG-300298-10.004,ISOVER Perimeter- und Sockeldämmplatte 032 AW3 150 grau (60-300mm),ISOVER,,KBOB,10.004,,30,7.6,4.51,3.09
SPAG-300299-10.004,ISOVER Trittschalldämmplatte EPS 045 DES sm (15-60mm),ISOVER,Dämmung,KBOB,10.004,,11,7.6,4.51,3.09
SPAG-300300-10.004,ISOVER Trittschalldämmplatte EPS 040 DES sg (15-60mm),ISOVER,,KBOB,10.004,,16,7.6,4.51,3.09
SPAG-300302-10.004,Sarna Granol K5 EPS 030 GR (40-300mm),,,KBOB,10.004,,15,7.6,4.51,3.09
SPAG-300305-10.004,S-Therm Duro (40-300mm),,,KBOB,10.004,,45,7.6,4.51,3.09
SPAG-300307-10.004,NEOSTIR GW 30 (50-300mm),,,KBOB,10.004,,24,7.6,4.51,3.09
SPAG-300310-10.004,steinopor EPS - 100 kPa (20-500mm),,,KBOB,10.004,,23,7.6,4.51,3.09
SPAG-300311-10.004,steinopor EPS - 120 kPa (20-500mm),,,KBOB,10.004,,27,7.6,4.51,3.09
SPAG-300312-10.004,steinopor EPS plus 031 (20-300mm),,,KBOB,10.004,,23,7.6,4.51,3.09
SPAG-300313-10.004,steinodur PSN (50-200mm),,,KBOB,10.004,,40,7.6,4.51,3.09
SPAG-300314-10.004,steinodur UKD (50-250mm),,,KBOB,10.004,,40,7.6,4.51,3.09
SPAG-300315-10.004,steinodur UKD plus (100-250mm),,,KBOB,10.004,,35,7.6,4.51,3.09
SPAG-300316-10.004,steinodur SPL (20-400mm),,,KBOB,10.004,,36,7.6,4.51,3.09
SPAG-300317-10.004,steinopor EPS-F (10-500mm),,,KBOB,10.004,,18,7.6,4.51,3.09
SPAG-300318-10.004,steinopor EPS-F 20 (10-500mm),,,KBOB,10.004,,22,7.6,4.51,3.09
SPAG-300319-10.004,steinopor EPS-F plus (10-500mm),,,KBOB,10.004,,24,7.6,4.51,3.09
SPAG-300320-10.004,steinopor Roll EPS-T (20-45mm),,,KBOB,10.004,,15,7.6,4.51,3.09
SPAG-300323-10.004,swissporEPS 15 (10-500mm),swisspor,,KBOB,10.004,,15,7.6,4.51,3.09
SPAG-300324-10.004,swissporEPS 15 100% rezykliert (10-500mm),swisspor,,KBOB,10.004,,15,7.6,4.51,3.09
SPAG-300325-10.004,swissporEPS 20 (10-500mm),swisspor,,KBOB,10.004,,20,7.6,4.51,3.09
SPAG-300326-10.004,swissporEPS 30 (10-500mm),swisspor,,KBOB,10.004,,30,7.6,4.51,3.09
SPAG-300327-10.004,swissporEPS 30 100% rezykliert (10-400mm),swisspor,,KBOB,10.004,,28,7.6,4.51,3.09
SPAG-300328-10.004,swissporEPS 30 Sockel (50-300mm),swisspor,,KBOB,10.004,,30,7.6,4.51,3.09
SPAG-300329-10.004,swissporEPS 30 Perimeter (50-400mm),swisspor,,KBOB,10.004,,30,7.6,4.51,3.09
SPAG-300330-10.004,swissporEPS 30 Perimeter Drain (50-300mm),swisspor,,KBOB,10.004,,30,7.6,4.51,3.09
SPAG-300331-10.004,swissporEPS-T (Trittschalldämmplatte) (10-50mm),swisspor,,KBOB,10.004,,15,7.6,4.51,3.09
SPAG-300335-10.004,swissporLAMBDA Roof (10-400mm),swisspor,,KBOB,10.004,,23,7.6,4.51,3.09
SPAG-300336-10.004,swissporLAMBDA Vento Premium (10-400mm),swisspor,,KBOB,10.004,,23,7.6,4.51,3.09
SPAG-300337-10.004,swissporLAMBDA Cassette (10-400mm),swisspor,,KBOB,10.004,,23,7.6,4.51,3.09
SPAG-300338-10.004,swissporLAMBDA-T (Trittschalldämmplatte) (10-50mm),swisspor,,KBOB,10.004,,15,7.6,4.51,3.09
SPAG-300339-10.004,swissporLAMBDA White Mono 031 (80-320mm),swisspor,,KBOB,10.004,,15,7.6,4.51,3.09
SPAG-300340-10.004,swissporLAMBDA universell 029 (10-400mm),swisspor,,KBOB,10.004,,23,7.6,4.51,3.09
SPAG-300342-10.004,swissporLAMBDA Vento (10-400mm),swisspor,,KBOB,10.004,,15,7.6,4.51,3.09
SPAG-300343-10.004,swissporLAMBDA White 031 (80-320mm),swisspor,,KBOB,10.004,,15,7.6,4.51,3.09
SPAG-300347-10.004,"isofloc H2 Wall, isofloc pearl",,,KBOB,10.004,,25,7.6,4.51,3.09
SPAG-300348-10.005,Polystyrol extrudiert (XPS); nicht überwacht,,,KBOB,10.005,,65,14.39,11.3,3.09
SPAG-300349-10.005,Polystyrol extrudiert (XPS): lose; nicht überwacht,,,KBOB,10.005,,30,14.39,11.3,3.09
SPAG-300361-10.005,Styrodur C (20-40mm),,,KBOB,10.005,,45,14.39,11.3,3.09
SPAG-300362-10.005,Styrodur C (50-60mm),,,KBOB,10.005,,45,14.39,11.3,3.09
SPAG-300363-10.005,Styrodur C (80-100mm),,,KBOB,10.005,,45,14.39,11.3,3.09
SPAG-300364-10.005,Styrodur C (120mm),,,KBOB,10.005,,45,14.39,11.3,3.09
SPAG-300365-10.005,Styrodur C (140-200mm),,,KBOB,10.005,,45,14.39,11.3,3.09
SPAG-300393-10.005,X-Foam Wafer (80-140mm),,,KBOB,10.005,,35,14.39,11.3,3.09
SPAG-300394-10.005,X-Foam Wafer (160-200mm),,,KBOB,10.005,,35,14.39,11.3,3.09
SPAG-300398-10.005,X-Foam HBT 300 (160-200mm),,,KBOB,10.005,,35,14.39,11.3,3.09
SPAG-300400-10.005,X-Foam HBT 500 (80-120mm),,,KBOB,10.005,,38,14.39,11.3,3.09
SPAG-300401-10.005,FIBRAN XPS (20-30mm),,,KBOB,10.005,,38,14.39,11.3,3.09
SPAG-300402-10.005,FIBRAN XPS (40-50mm),,,KBOB,10.005,,38,14.39,11.3,3.09
SPAG-300403-10.005,FIBRAN XPS (60-100mm),,,KBOB,10.005,,38,14.39,11.3,3.09
SPAG-300404-10.005,FIBRAN XPS (120mm),,,KBOB,10.005,,38,14.39,11.3,3.09
SPAG-300408-10.005,Jackodur Plus 300 (20-320mm),,,KBOB,10.005,,52,14.39,11.3,3.09
SPAG-300409-10.005,Jackodur CFR 300 / 500 (20-60mm),,,KBOB,10.005,,40,14.39,11.3,3.09
SPAG-300410-10.005,Jackodur CFR 300 / 500 (80mm),,,KBOB,10.005,,40,14.39,11.3,3.09
SPAG-300412-10.005,Jackodur DS 300 (20-60mm),,,KBOB,10.005,,35,14.39,11.3,3.09
SPAG-300413-10.005,Jackodur DS 300 (61-80mm),,,KBOB,10.005,,35,14.39,11.3,3.09
SPAG-300414-10.005,Jackodur DS 300 (81-160mm),,,KBOB,10.005,,35,14.39,11.3,3.09
SPAG-300415-10.005,Jackodur DS 300 (161-220mm),,,KBOB,10.005,,35,14.39,11.3,3.09
SPAG-300416-10.005,Jackodur KF 300 Jackodrain (20-60mm),,,KBOB,10.005,,35,14.39,11.3,3.09
SPAG-300420-10.005,Jackodur KF 300 (20-60mm),,,KBOB,10.005,,35,14.39,11.3,3.09
SPAG-300421-10.005,Jackodur KF 300 (61-180mm),,,KBOB,10.005,,35,14.39,11.3,3.09
SPAG-300422-10.005,Jackodur KF 500 (40-60mm),,,KBOB,10.005,,36,14.39,11.3,3.09
SPAG-300423-10.005,Jackodur KF 500 (61-160mm),,,KBOB,10.005,,36,14.39,11.3,3.09
SPAG-300424-10.005,Jackodur KF 500 (161-320mm),,,KBOB,10.005,,36,14.39,11.3,3.09
SPAG-300427-10.005,Jackodur KF 700 (161-320mm),,,KBOB,10.005,,39,14.39,11.3,3.09
SPAG-300428-10.005,Gematherm XC5 (50-60mm),,,KBOB,10.005,,37,14.39,11.3,3.09
SPAG-300429-10.005,Gematherm XC5 (80-300mm),,,KBOB,10.005,,37,14.39,11.3,3.09
SPAG-300430-10.005,Gematherm XC3 / XCW (30-40mm),,,KBOB,10.005,,33,14.39,11.3,3.09
SPAG-300431-10.005,Gematherm XC3 / XCW (50-60mm),,,KBOB,10.005,,33,14.39,11.3,3.09
SPAG-300432-10.005,Gematherm XC3 / XCW (80-300mm),,,KBOB,10.005,,33,14.39,11.3,3.09
SPAG-300433-10.005,Gematherm XC7 (50-60mm),,,KBOB,10.005,,45,14.39,11.3,3.09
SPAG-300434-10.005,Gematherm XC7 (80-120mm),,,KBOB,10.005,,45,14.39,11.3,3.09
SPAG-300435-10.005,Gemadrain XPS (50-60mm),,,KBOB,10.005,,37,14.39,11.3,3.09
SPAG-300436-10.005,Gemadrain XPS (80-300mm),,,KBOB,10.005,,37,14.39,11.3,3.09
SPAG-300439-10.005,swissporXPS Premium (10-400mm),,,KBOB,10.005,,45,14.39,11.3,3.09
SPAG-300453-10.006,"PUR, PIR: Zellinhalt Pentan, diffusionsdicht; nicht überwacht",,,KBOB,10.006,,55,7.45,4.8,2.65
SPAG-300454-10.006,"PUR, PIR: Zellinhalt Pentan, diffusionsoffen; nicht überwacht",,,KBOB,10.006,,55,7.45,4.8,2.65
SPAG-300455-10.006,Therma TR26 FM (> 30mm),,,KBOB,10.006,,30,7.45,4.8,2.65
SPAG-300457-10.006,Bauder PIR diffusionsdicht (20-240mm),,,KBOB,10.006,,40,7.45,4.8,2.65
SPAG-300458-10.006,Bauder PIR diffusionsoffen (20-79mm),,,KBOB,10.006,,40,7.45,4.8,2.65
SPAG-300459-10.006,Bauder PIR diffusionsoffen (80-119mm),,,KBOB,10.006,,40,7.45,4.8,2.65
SPAG-300460-10.006,Bauder PIR diffusionsoffen (120-240mm),,,KBOB,10.006,,40,7.45,4.8,2.65
SPAG-300468-10.006,puren Plus (80-119mm),,,KBOB,10.006,,33,7.45,4.8,2.65
SPAG-300471-10.006,puren PIR NE / purenotherm (20-79mm),,,KBOB,10.006,,33,7.45,4.8,2.65
SPAG-300472-10.006,puren PIR NE / purenotherm (80-119mm),,,KBOB,10.006,,33,7.45,4.8,2.65
SPAG-300473-10.006,puren PIR NE / purenotherm (≥ 120mm),,,KBOB,10.006,,33,7.45,4.8,2.65
SPAG-300477-10.006,Sarnapur diffusionsdicht (PIR) (20-79mm),,,KBOB,10.006,,33,7.45,4.8,2.65
SPAG-300479-10.006,Sarnapur diffusionsoffen (PIR) (20-79mm),,,KBOB,10.006,,33,7.45,4.8,2.65
SPAG-300480-10.006,Sarnapur diffusionsoffen (PIR) (80-119mm),,,KBOB,10.006,,33,7.45,4.8,2.65
SPAG-300481-10.006,Sarnapur diffusionsoffen (PIR) (120-200mm),,,KBOB,10.006,,33,7.45,4.8,2.65
SPAG-300482-10.006,Sarnapur novoPIR (60-200mm),,,KBOB,10.006,,33,7.45,4.8,2.65
SPAG-300483-10.006,steinothan 120 (60-200mm),,,KBOB,10.006,,38,7.45,4.8,2.65
SPAG-300484-10.006,steinothan Alu 022 (80-200mm),,,KBOB,10.006,,35,7.45,4.8,2.65
SPAG-300485-10.006,steinothan MV 025 (120-200mm),,,KBOB,10.006,,35,7.45,4.8,2.65
SPAG-300486-10.006,steinothan MV 026 (80-119mm),,,KBOB,10.006,,35,7.45,4.8,2.65
SPAG-300487-10.006,steinothan Alu 023 (20-79mm),,,KBOB,10.006,,38,7.45,4.8,2.65
SPAG-300488-10.006,steinothan MV 028 (30-79mm),,,KBOB,10.006,,38,7.45,4.8,2.65
SPAG-300499-10.006,swissporPIR Top023 (60mm),,,KBOB,10.006,,35,7.45,4.8,2.65
SPAG-300500-10.006,swissporPIR Top023 (80-100mm),,,KBOB,10.006,,35,7.45,4.8,2.65
SPAG-300505-10.003,Phenolharzschaum; nicht überwacht,,,KBOB,10.003,,50,7.26,4.17,3.09
SPAG-300506-10.003,Austrotherm Resolution (20-300mm),,,KBOB,10.003,,35,7.26,4.17,3.09
SPAG-300507-10.003,Kooltherm (20-44mm),,,KBOB,10.003,,36,7.26,4.17,3.09
SPAG-300508-10.003,Kooltherm (45-120mm),,,KBOB,10.003,,36,7.26,4.17,3.09
SPAG-300510-10.002,"Kork: Platten, Matten; nicht überwacht",,,KBOB,10.002,,160,1.109,1.07,0.039
SPAG-300512-7.005,"Holzwolle-Dämmplatten, mineralisiert; nicht überwacht",,Dämmung,KBOB,7.005,,600,0.5353,0.499,0.0363
SPAG-300513-7.005,"Deckschichten von Mehrschichtplatten 5 mm, nicht überwacht",,,KBOB,7.005,,-1,0.5353,0.499,0.0363
SPAG-300514-7.005,"Deckschichten von Mehrschichtplatten 7,5 mm, nicht überwacht",,,KBOB,7.005,,-1,0.5353,0.499,0.0363
SPAG-300515-7.005,"Deckschichten von Mehrschichtplatten 10 mm, nicht überwacht",,,KBOB,7.005,,-1,0.5353,0.499,0.0363
SPAG-300516-7.004,Holzfaserplatten: nicht überwacht,,,KBOB,7.004,,160,1.074,1.03,0.044
SPAG-300516-7.004,Holzfaserplatten: nicht überwacht,,,KBOB,7.004,,160,1.074,1.03,0.044
SPAG-300519-10.009,GUTEX Thermoroom (20-100mm),,,KBOB,10.009,,130,0.7266,0.634,0.0926
SPAG-300520-10.009,GUTEX Ultratherm (50-160mm),,,KBOB,10.009,,180,0.7266,0.634,0.0926
SPAG-300521-10.009,GUTEX Thermowall (20-180mm),,,KBOB,10.009,,160,0.7266,0.634,0.0926
SPAG-300523-10.009,GUTEX Thermoflat (100-160mm),,,KBOB,10.009,,140,0.7266,0.634,0.0926
SPAG-300526-10.009,GUTEX Thermosafe-homogen (20-240mm),,,KBOB,10.009,,110,0.7266,0.634,0.0926
SPAG-300528-10.009,GUTEX Thermoinstal (40-100mm),,,KBOB,10.009,,150,0.7266,0.634,0.0926
SPAG-300529-10.009,GUTEX Thermofloor (20-30mm),,,KBOB,10.009,,160,0.7266,0.634,0.0926
SPAG-300568-10.009,STEICOflex (20-240mm),,,KBOB,10.009,,50,0.7266,0.634,0.0926
SPAG-300570-10.009,"STEICOuniversal, STEICOprotect H (18-60mm)",,,KBOB,10.009,,270,0.7266,0.634,0.0926
SPAG-300582-10.01,"Zellulose: Platten, Matten; nicht überwacht",,,KBOB,10.01,,80,0.2815,0.21,0.0715
SPAG-300583-10.01,flexCL (40-180mm),,,KBOB,10.01,,75,0.2815,0.21,0.0715
SPAG-300584-10.01,Zellulose: lose; nicht überwacht,,,KBOB,10.01,,70,0.2815,0.21,0.0715
SPAG-300586-10.01,Isocell,,,KBOB,10.01,,65,0.2815,0.21,0.0715
SPAG-300587-10.01,trendisol,,,KBOB,10.01,,65,0.2815,0.21,0.0715
SPAG-300588-10.01,Dobry-Ekovilla,,,KBOB,10.01,,65,0.2815,0.21,0.0715
SPAG-300589-10.01,Pavafloc,,,KBOB,10.01,,65,0.2815,0.21,0.0715
SPAG-300592-10.016,"Flachs: Matten, Rollen; nicht überwacht",,,KBOB,10.016,,50,1.015,0.78,0.235
SPAG-300593-10.016,"Gras: Matten, lose; nicht überwacht",,,KBOB,10.016,,80,1.015,0.78,0.235
SPAG-300594-10.016,"Hanf: Matten, Rollen; nicht überwacht",,,KBOB,10.016,,50,1.015,0.78,0.235
SPAG-300595-10.016,"Baumwolle: Matten, Rollen; nicht überwacht",,,KBOB,10.016,,60,1.015,0.78,0.235
SPAG-300599-10.016,"Schafwolle: Matten, Rollen; nicht überwacht",,,KBOB,10.016,,60,1.015,0.78,0.235
SPAG-300619-10.008,Tektalan A2-E31-035/2 (Kern) (40-165mm),,,KBOB,10.008,,120,1.1896,1.13,0.0596
SPAG-300621-10.008,Tektalan A2-035/2 (1.0) (Kern) (40-165mm),,,KBOB,10.008,,120,1.1896,1.13,0.0596
SPAG-300623-10.008,Tektalan A2-SD (Kern) (40-240mm),,,KBOB,10.008,,130,1.1896,1.13,0.0596
SPAG-300625-10.008,Tektalan A2-E21 (Kern) (25-165mm),,,KBOB,10.008,,130,1.1896,1.13,0.0596
SPAG-300643-2.006,Multipor Mineraldämmplatte 042 (50-300mm),,,KBOB,2.006,,95,0.4268,0.414,0.0128
SPAG-300644-2.006,Multipor Mineraldämmplatte 045 (50-300mm),,,KBOB,2.006,,115,0.4268,0.414,0.0128
SPAG-300679-8.002,Bitumen als Stoff,,,KBOB,8.002,,1050,1.101,0.911,0.19
SPAG-300680-9.003,Bitumen als Membran / Bahn,,,KBOB,9.003,,1100,3.34,1.01,2.33
SPAG-300683-1.002,"Beton, Rohdichte 1800 kg/m3",,Beton,KBOB,1.002,,1800,0.1015,0.0888,0.0127
SPAG-300684-1.002,"Beton, Rohdichte 2000 kg/m3",,Beton,KBOB,1.002,,2000,0.1015,0.0888,0.0127
SPAG-300685-1.002,"Beton, Rohdichte 2200 kg/m3",,Beton,KBOB,1.002,,2200,0.1015,0.0888,0.0127
SPAG-300686-1.002,"Beton, Rohdichte 2400 kg/m3",,Beton,KBOB,1.002,,2400,0.1015,0.0888,0.0127
SPAG-300706-3.005,Natronglas (inkl. Floatglas),,,KBOB,3.005,,2500,1.2093,1.19,0.0193
SPAG-300707-3.005,Quarzglas,,,KBOB,3.005,,2200,1.2093,1.19,0.0193
SPAG-300708-3.005,Glasmosaik,,,KBOB,3.005,,2000,1.2093,1.19,0.0193
SPAG-300718-6.001,Aluminiumlegierungen,,,KBOB,6.001,,2800,5.58798,5.58,0.00798
SPAG-300719-6.009,Bronze,,,KBOB,6.009,,8700,2.71798,2.71,0.00798
SPAG-300720-6.009,Messing,,,KBOB,6.009,,8400,2.71798,2.71,0.00798
SPAG-300721-6.008,Kupfer,,,KBOB,6.008,,8900,2.20798,2.2,0.00798
SPAG-300722-13.005,Gusseisen,,,KBOB,13.005,,7500,2.1,2.09,0.01
SPAG-300723-6.014,Blei,,,KBOB,6.014,,11300,1.01798,1.01,0.00798
SPAG-300724-6.01,Stahl,,,KBOB,6.01,,7800,2.79699,2.79,0.00699
SPAG-300729-15.003,Polycarbonate,,,KBOB,15.003,,1200,11.41,8.49,2.92
SPAG-300732-15.001,Polymethylmethakrylat (PMMA),,,KBOB,15.001,,1180,11.6,8.68,2.92
SPAG-300734-15.002,Polyamid (Nylon ),,,KBOB,15.002,,1150,11.51,8.89,2.62
SPAG-300735-15.002,Polyamid 6.6 mit 25% Glasfasern,,,KBOB,15.002,,1450,11.51,8.89,2.62
SPAG-300736-13.002,Polyethylen; hohe Rohdichte,,,KBOB,13.002,,980,4.75,2.38,2.37
SPAG-300737-13.002,Polyethylen; niedrige Rohdichte,,,KBOB,13.002,,920,4.75,2.38,2.37
SPAG-300738-15.005,Polystyrol,,,KBOB,15.005,,1050,6.72,3.64,3.08
SPAG-300739-13.003,Polypropylen,,,KBOB,13.003,,910,4.77,2.4,2.37
SPAG-300741-10.006,Polyurethan (PU),,,KBOB,10.006,,1200,7.45,4.8,2.65
SPAG-300743-10.003,Phenolharz,,,KBOB,10.003,,1300,7.26,4.17,3.09
SPAG-300748-10.003,Schaumgummi,,,KBOB,10.003,,70,7.26,4.17,3.09
SPAG-300749-9.004,"Hartgummi (Ebonit), hart",,,KBOB,9.004,,1200,5.84,2.74,3.1
SPAG-300750-9.004,"Ethylen-Propylendien, Monomer (EPDM)",,,KBOB,9.004,,1150,5.84,2.74,3.1
SPAG-300752-8.004,Polysulfid,,,KBOB,8.004,,1700,1.72,1.53,0.19
SPAG-300753-13.001,Butadien,,,KBOB,13.001,,980,7.67,4.92,2.75
SPAG-300754-8.005,Silicagel (Trockenmittel),,,KBOB,8.005,,720,2.91,2.72,0.19
SPAG-300755-8.005,Silicon ohne Füllstoff,,,KBOB,8.005,,1200,2.91,2.72,0.19
SPAG-300756-8.005,Silicon mit Füllstoffen,,,KBOB,8.005,,1450,2.91,2.72,0.19
SPAG-300757-8.005,Siliconschaum,,,KBOB,8.005,,750,2.91,2.72,0.19
SPAG-300758-10.006,Urethan-/Polyurethanschaum (als wärmetechnische Trennung),,,KBOB,10.006,,1300,7.45,4.8,2.65
SPAG-300761-10.006,Polyurethanschaum (PU),,,KBOB,10.006,,70,7.45,4.8,2.65
SPAG-300763-4.001,Gips 600 kg/m3,,,KBOB,4.001,,600,0.1529,0.14,0.0129
SPAG-300764-4.001,Gips 900 kg/m3,,,KBOB,4.001,,900,0.1529,0.14,0.0129
SPAG-300765-4.001,Gips 1200 kg/m3,,,KBOB,4.001,,1200,0.1529,0.14,0.0129
SPAG-300766-4.001,Gips 1500 kg/m3,,,KBOB,4.001,,1500,0.1529,0.14,0.0129
SPAG-300767-3.008,Gipskartonplatte (Gipsplatte),,Gips,KBOB,3.008,,700,0.3019,0.283,0.0189
SPAG-300768-3.008,Gipskartonplatte 1 (Gipsplatte),,,KBOB,3.008,,900,0.3019,0.283,0.0189
SPAG-300769-4.007,Gipsdämmputz,,,KBOB,4.007,,600,0.7279,0.715,0.0129
SPAG-300770-4.001,Gipsputz 1000 kg/m3,,,KBOB,4.001,,1000,0.1529,0.14,0.0129
SPAG-300771-4.001,Gipsputz 1300 kg/m3,,,KBOB,4.001,,1300,0.1529,0.14,0.0129
SPAG-300772-4.009,"Mörtel, Gips, Sand",,,KBOB,4.009,,1600,0.2619,0.249,0.0129
SPAG-300773-4.009,"Mörtel, Kalk, Sand",,,KBOB,4.009,,1600,0.2619,0.249,0.0129
SPAG-300774-4.009,"Mörtel, Zement, Sand",,,KBOB,4.009,,1800,0.2619,0.249,0.0129
SPAG-300775-4.001,Innenputz für normale Berechnungen,,,KBOB,4.001,,1400,0.1529,0.14,0.0129
SPAG-300776-4.008,Aussenputz für normale Berechnungen,,Putz,KBOB,4.008,,1800,0.4059,0.393,0.0129
SPAG-300777-4.007,Wärmedämmputz aussen,,,KBOB,4.007,,450,0.7279,0.715,0.0129
SPAG-300777-4.007,Wärmedämmputz aussen,,,KBOB,4.007,,450,0.7279,0.715,0.0129
SPAG-300779-4.008,Kalkmörtel,,,KBOB,4.008,,1800,0.4059,0.393,0.0129
SPAG-300780-4.008,Kalkzementmörtel,,,KBOB,4.008,,1900,0.4059,0.393,0.0129
SPAG-300781-4.008,Zementmörtel,,,KBOB,4.008,,2200,0.4059,0.393,0.0129
SPAG-300782-4.008,Leichtmörtel 450 kg/m3,,,KBOB,4.008,,450,0.4059,0.393,0.0129
SPAG-300783-4.008,Leichtmörtel 600 kg/m3,,,KBOB,4.008,,600,0.4059,0.393,0.0129
SPAG-300784-4.008,Leichtmörtel 900 kg/m3,,,KBOB,4.008,,900,0.4059,0.393,0.0129
SPAG-300785-4.008,Leichtmörtel 1600 kg/m3,,,KBOB,4.008,,1600,0.4059,0.393,0.0129
SPAG-300786-3.013,"Erdreich, Ton oder Schlick oder Schlamm",,,KBOB,3.013,,1500,0.01588,0.00308,0.0128
SPAG-300787-3.013,"Erdreich, Sand und Kies",,,KBOB,3.013,,2000,0.01588,0.00308,0.0128
SPAG-300805-3.015,Dachziegel Ton,,,KBOB,3.015,,2000,0.3858,0.373,0.0128
SPAG-300806-3.001,Dachziegel Beton,,,KBOB,3.001,,2100,0.2088,0.196,0.0128
SPAG-300807-11.008,Platte Keramik/Porzellan,,,KBOB,11.008,,2300,18.25,14.1,4.15
SPAG-300808-15.001,Platte Kunststoff,,,KBOB,15.001,,1000,11.6,8.68,2.92
SPAG-300812-2.001,Modulbackstein,,,KBOB,2.001,,1100,0.2668,0.254,0.0128
SPAG-300813-2.001,Verband Modulbackstein; deklariert,,,KBOB,2.001,,1100,0.2668,0.254,0.0128
SPAG-300814-2.001,"Leichtbackstein 780-850 kg/m3, deklariert",,,KBOB,2.001,,800,0.2668,0.254,0.0128
SPAG-300815-2.001,"Leichtbackstein 680-750 kg/m3, deklariert",,,KBOB,2.001,,700,0.2668,0.254,0.0128
SPAG-300816-2.001,Leichtbackstein 620-680 kg/m3; deklariert,,,KBOB,2.001,,650,0.2668,0.254,0.0128
SPAG-300817-2.001,Verband Leichtbackstein (Optitherm),,,KBOB,2.001,,1200,0.2668,0.254,0.0128
SPAG-300818-2.001,Verband Leichtbackstein (Optitop),,,KBOB,2.001,,1150,0.2668,0.254,0.0128
SPAG-300819-2.001,Isolierbackstein; deklariert,,,KBOB,2.001,,1200,0.2668,0.254,0.0128
SPAG-300820-2.001,Sichtbackstein; deklariert,,,KBOB,2.001,,1400,0.2668,0.254,0.0128
SPAG-300822-2.001,Vollbackstein,,,KBOB,2.001,,1800,0.2668,0.254,0.0128
SPAG-300823-2.001,Kaminstein,,,KBOB,2.001,,1800,0.2668,0.254,0.0128
SPAG-300824-2.002,Kalksandstein 1600 kg/m3,,,KBOB,2.002,,1600,0.1618,0.149,0.0128
SPAG-300825-2.002,Kalksandstein 1800 kg/m3,,,KBOB,2.002,,1800,0.1618,0.149,0.0128
SPAG-300826-2.002,Kalksandstein 2000 kg/m3,,,KBOB,2.002,,2000,0.1618,0.149,0.0128
SPAG-300827-2.007,Zementstein,,,KBOB,2.007,,2000,0.1268,0.114,0.0128
SPAG-300828-2.007,Zementblockstein,,,KBOB,2.007,,1200,0.1268,0.114,0.0128
SPAG-300829-2.006,Porenbetonstein 300 kg/m3,,,KBOB,2.006,,300,0.4268,0.414,0.0128
SPAG-300830-2.006,Porenbetonstein 400 kg/m3,,,KBOB,2.006,,400,0.4268,0.414,0.0128
SPAG-300831-2.006,Porenbetonstein 500 kg/m3,,,KBOB,2.006,,500,0.4268,0.414,0.0128
SPAG-300832-2.006,Porenbetonstein 600 kg/m3,,,KBOB,2.006,,600,0.4268,0.414,0.0128
SPAG-300857-7.009,Nutzholz 450 kg/m3,,Holz,KBOB,7.009,,450,0.1301,0.0909,0.0392
SPAG-300858-7.009,Nutzholz 500 kg/m3,,Holz,KBOB,7.009,,500,0.1301,0.0909,0.0392
SPAG-300859-7.009,Nutzholz 700 kg/m3,,Holz,KBOB,7.009,,700,0.1301,0.0909,0.0392
SPAG-300860-7.018,Sperrholz 300 kg/m3,,Holz,KBOB,7.018,,300,1.43,1.35,0.08
SPAG-300861-7.018,Sperrholz 500 kg/m3,,Holz,KBOB,7.018,,500,1.43,1.35,0.08
SPAG-300862-7.018,Sperrholz 700 kg/m3,,Holz,KBOB,7.018,,700,1.43,1.35,0.08
SPAG-300863-7.018,Sperrholz 1000 kg/m3,,Holz,KBOB,7.018,,1000,1.43,1.35,0.08
SPAG-300864-7.014,Zementgebundene Spanplatte,,,KBOB,7.014,,1200,0.531,0.451,0.08
SPAG-300865-7.014,Spanplatte 300 kg/m3,,,KBOB,7.014,,300,0.531,0.451,0.08
SPAG-300866-7.014,Spanplatte 600 kg/m3,,,KBOB,7.014,,600,0.531,0.451,0.08
SPAG-300867-7.014,Spanplatte 900 kg/m3,,,KBOB,7.014,,900,0.531,0.451,0.08
SPAG-300868-7.013,OSB-Platte,,OSB,KBOB,7.013,,650,0.565,0.485,0.08
SPAG-300869-7.012,"Holzfaserplatte, einschliesslich MDF 250 kg/m3",,Holz,KBOB,7.012,,250,0.956,0.856,0.1
SPAG-300870-7.012,"Holzfaserplatte, einschliesslich MDF 400 kg/m3",,,KBOB,7.012,,400,0.956,0.856,0.1
SPAG-300871-7.012,"Holzfaserplatte, einschliesslich MDF 600 kg/m3",,,KBOB,7.012,,600,0.956,0.856,0.1
SPAG-300872-7.012,"Holzfaserplatte, einschliesslich MDF 800 kg/m3",,,KBOB,7.012,,800,0.956,0.856,0.1
SPAG-300897-2.001,Backstein,,,KBOB,2.001,,900,0.2668,0.254,0.0128
SPAG-300898-2.002,Kalksandstein,,,KBOB,2.002,,1400,0.1618,0.149,0.0128
SPAG-300899-2.003,Leichtlehmstein,,,KBOB,2.003,,700,0.1798,0.167,0.0128
SPAG-300900-2.004,"Leichtzementstein, Blähton",,,KBOB,2.004,,1200,0.4288,0.416,0.0128
SPAG-300901-2.005,"Leichtzementstein, Naturbims",,,KBOB,2.005,,1200,0.2128,0.2,0.0128
SPAG-300902-2.006,Porenbetonstein,,,KBOB,2.006,,500,0.4268,0.414,0.0128
SPAG-300827-2.007,Zementstein,,,KBOB,2.007,,2000,0.1268,0.114,0.0128
SPAG-300906-3.001,Betonziegel,,,KBOB,3.001,,2300,0.2088,0.196,0.0128
SPAG-300907-3.002,Faserzement-Dachschindel,,,KBOB,3.002,,1800,0.7003,0.687,0.0133
SPAG-300908-3.003,Faserzementplatte gross,,Zement,KBOB,3.003,,1800,1.0333,1.02,0.0133
SPAG-300909-3.004,Faserzement-Wellplatte,,,KBOB,3.004,,1800,0.6493,0.636,0.0133
SPAG-300910-3.005,Flachglas beschichtet,,,KBOB,3.005,,2500,1.2093,1.19,0.0193
SPAG-300911-3.006,Flachglas unbeschichtet,,,KBOB,3.006,,2500,1.1393,1.12,0.0193
SPAG-300912-3.007,Gipsfaserplatte,,Gips,KBOB,3.007,,1200,0.5528,0.534,0.0188
SPAG-300913-3.008,Gipskartonplatte,,Gips,KBOB,3.008,,850,0.3019,0.283,0.0189
SPAG-300916-3.01,Keramik-/Steinzeugplatte,,,KBOB,3.01,,2600,0.7958,0.783,0.0128
SPAG-300917-3.011,Kies gebrochen,,,KBOB,3.011,,2000,0.01788,0.00508,0.0128
SPAG-300918-3.012,Rundkies,,,KBOB,3.012,,2000,0.01588,0.00308,0.0128
SPAG-300919-3.013,Sand,,,KBOB,3.013,,2000,0.01588,0.00308,0.0128
SPAG-300920-3.014,Sanitärkeramik,,,KBOB,3.014,,2000,2.3828,2.37,0.0128
SPAG-300921-3.015,Tonziegel,,,KBOB,3.015,,1700,0.3858,0.373,0.0128
SPAG-300926-4.004,Lehmputz,,,KBOB,4.004,,1800,0.0329,0.02,0.0129
SPAG-300929-4.007,Wärmedämmputz EPS,,Dämmung,KBOB,4.007,,250,0.7279,0.715,0.0129
SPAG-300932-6.001,"Aluminiumblech, blank",,,KBOB,6.001,,2690,5.58798,5.58,0.00798
SPAG-300933-6.002,"Aluminiumprofil, blank",,,KBOB,6.002,,2690,5.69798,5.69,0.00798